{"loss": [0.2195664495229721, 0.19243822991847992, 0.19755232334136963, 0.19223594665527344, 0.17161083221435547, 0.17099711298942566, 0.16087856888771057, 0.1550130993127823, 0.1462874561548233, 0.1377073973417282, 0.13052275776863098, 0.12583103775978088, 0.11904162913560867, 0.11720262467861176, 0.10079730302095413, 0.0992196798324585, 0.09553375095129013, 0.09349503368139267, 0.08507845550775528, 0.08785858005285263, 0.08043598383665085, 0.08383393287658691, 0.06952520459890366, 0.06830951571464539, 0.06146274134516716, 0.06056336686015129, 0.06253603845834732, 0.055019766092300415, 0.05343436077237129, 0.053306180983781815, 0.044427912682294846, 0.043549612164497375, 0.04295919090509415, 0.043399378657341, 0.03744050860404968, 0.03801055625081062, 0.036590296775102615, 0.03161442652344704, 0.033877115696668625, 0.03139495849609375, 0.029872769489884377, 0.02898576110601425, 0.026743821799755096, 0.029447199776768684, 0.025798963382840157, 0.02543402649462223, 0.02503850683569908, 0.02119123563170433, 0.02383776195347309, 0.02184058539569378, 0.022658513858914375, 0.020845768973231316, 0.02150682546198368, 0.02037406899034977, 0.019384127110242844, 0.018833523616194725, 0.02312159724533558, 0.02116496115922928, 0.01758985035121441, 0.019587356597185135, 0.019644681364297867, 0.017803819850087166, 0.01857227087020874, 0.01894243061542511, 0.015618707053363323, 0.014748435467481613, 0.020093202590942383, 0.014907819218933582, 0.016354525461792946, 0.01440444216132164, 0.016202809289097786, 0.01688470132648945, 0.017155615612864494, 0.014859220013022423, 0.014411505311727524, 0.015450202859938145, 0.014890698716044426, 0.013163396157324314, 0.015291910618543625, 0.015296896919608116, 0.013643721118569374, 0.012409561313688755, 0.011103919707238674, 0.013146384619176388, 0.012377355247735977, 0.012742849066853523, 0.012073199264705181, 0.01425125915557146, 0.011988203041255474, 0.011325418949127197, 0.013488028198480606, 0.012282508425414562, 0.012849790044128895, 0.01189898420125246, 0.012234149500727654, 0.013009702786803246, 0.011708380654454231, 0.011505812406539917, 0.011064575053751469, 0.0126427561044693], "mae": [0.4032179117202759, 0.3754659593105316, 0.3819846510887146, 0.3761942982673645, 0.3525799512863159, 0.3551445007324219, 0.3419760465621948, 0.33560797572135925, 0.32564079761505127, 0.3207164704799652, 0.3098260760307312, 0.30214983224868774, 0.29462113976478577, 0.2867780923843384, 0.26939377188682556, 0.2626911699771881, 0.2614970803260803, 0.25451990962028503, 0.24038483202457428, 0.24873854219913483, 0.23592257499694824, 0.24002555012702942, 0.21642395853996277, 0.21431466937065125, 0.20113517343997955, 0.1986256241798401, 0.2012098729610443, 0.18845123052597046, 0.18779265880584717, 0.18298806250095367, 0.16958065330982208, 0.16613446176052094, 0.1655186265707016, 0.16315650939941406, 0.14845162630081177, 0.15094682574272156, 0.1484277844429016, 0.13794811069965363, 0.1424776166677475, 0.13580858707427979, 0.12826582789421082, 0.12614601850509644, 0.1242590844631195, 0.1276082992553711, 0.12163352221250534, 0.11783654987812042, 0.11600162833929062, 0.10737957060337067, 0.11418245732784271, 0.10868486762046814, 0.10915462672710419, 0.10589732229709625, 0.1058737263083458, 0.10035007447004318, 0.09927669912576675, 0.09695827960968018, 0.10490526258945465, 0.1015322133898735, 0.093781977891922, 0.09860991686582565, 0.09614681452512741, 0.09165016561746597, 0.09330999851226807, 0.09435020387172699, 0.08662742376327515, 0.08571620285511017, 0.09693828225135803, 0.08431098610162735, 0.08607131987810135, 0.08413251489400864, 0.08744111657142639, 0.08674450218677521, 0.087647445499897, 0.082757867872715, 0.08264165371656418, 0.08208286762237549, 0.08058865368366241, 0.07767446339130402, 0.0825599804520607, 0.08184497803449631, 0.07918339222669601, 0.07422684878110886, 0.07187255471944809, 0.07502956688404083, 0.07395864278078079, 0.07404890656471252, 0.071595199406147, 0.07762632519006729, 0.07227111607789993, 0.06883276253938675, 0.07516448199748993, 0.0737229436635971, 0.0765022486448288, 0.07137232273817062, 0.07296865433454514, 0.07341620326042175, 0.07193765044212341, 0.07031775265932083, 0.06850547343492508, 0.0731520801782608], "mse": [0.2195664495229721, 0.19243822991847992, 0.19755232334136963, 0.19223594665527344, 0.17161083221435547, 0.17099711298942566, 0.16087856888771057, 0.1550130993127823, 0.1462874561548233, 0.1377073973417282, 0.13052275776863098, 0.12583103775978088, 0.11904162913560867, 0.11720262467861176, 0.10079730302095413, 0.0992196798324585, 0.09553375095129013, 0.09349503368139267, 0.08507845550775528, 0.08785858005285263, 0.08043598383665085, 0.08383393287658691, 0.06952520459890366, 0.06830951571464539, 0.06146274134516716, 0.06056336686015129, 0.06253603845834732, 0.055019766092300415, 0.05343436077237129, 0.053306180983781815, 0.044427912682294846, 0.043549612164497375, 0.04295919090509415, 0.043399378657341, 0.03744050860404968, 0.03801055625081062, 0.036590296775102615, 0.03161442652344704, 0.033877115696668625, 0.03139495849609375, 0.029872769489884377, 0.02898576110601425, 0.026743821799755096, 0.029447199776768684, 0.025798963382840157, 0.02543402649462223, 0.02503850683569908, 0.02119123563170433, 0.02383776195347309, 0.02184058539569378, 0.022658513858914375, 0.020845768973231316, 0.02150682546198368, 0.02037406899034977, 0.019384127110242844, 0.018833523616194725, 0.02312159724533558, 0.02116496115922928, 0.01758985035121441, 0.019587356597185135, 0.019644681364297867, 0.017803819850087166, 0.01857227087020874, 0.01894243061542511, 0.015618707053363323, 0.014748435467481613, 0.020093202590942383, 0.014907819218933582, 0.016354525461792946, 0.01440444216132164, 0.016202809289097786, 0.01688470132648945, 0.017155615612864494, 0.014859220013022423, 0.014411505311727524, 0.015450202859938145, 0.014890698716044426, 0.013163396157324314, 0.015291910618543625, 0.015296896919608116, 0.013643721118569374, 0.012409561313688755, 0.011103919707238674, 0.013146384619176388, 0.012377355247735977, 0.012742849066853523, 0.012073199264705181, 0.01425125915557146, 0.011988203041255474, 0.011325418949127197, 0.013488028198480606, 0.012282508425414562, 0.012849790044128895, 0.01189898420125246, 0.012234149500727654, 0.013009702786803246, 0.011708380654454231, 0.011505812406539917, 0.011064575053751469, 0.0126427561044693],