{"loss": [0.23295271396636963, 0.2143959105014801, 0.1891101598739624, 0.19293075799942017, 0.1860659420490265, 0.17547865211963654, 0.16628676652908325, 0.1504930704832077, 0.14202387630939484, 0.13882960379123688, 0.13232842087745667, 0.11393024027347565, 0.1077541783452034, 0.10185102373361588, 0.08845405280590057, 0.09151880443096161, 0.08826301246881485, 0.0773073062300682, 0.0725705549120903, 0.06582176685333252, 0.06320582330226898, 0.05850261449813843, 0.05652741342782974, 0.052102088928222656, 0.04849875345826149, 0.0487527921795845, 0.04108930751681328, 0.04446623474359512, 0.040562376379966736, 0.038493331521749496, 0.035942986607551575, 0.036996304988861084, 0.036392781883478165, 0.0300899650901556, 0.029142478480935097, 0.026054775342345238, 0.026039475575089455, 0.02846387028694153, 0.023087987676262856, 0.023984279483556747, 0.021689889952540398, 0.020732183009386063, 0.01990450546145439, 0.019111020490527153, 0.021004632115364075, 0.019831255078315735, 0.021874437108635902, 0.02191217429935932, 0.019215893000364304, 0.016334541141986847, 0.018970761448144913, 0.014518851414322853, 0.018890071660280228, 0.014505527913570404, 0.01564694195985794, 0.01616162434220314, 0.014433798380196095, 0.017829684540629387, 0.016854453831911087, 0.015865910798311234, 0.015231569297611713, 0.013721317984163761, 0.013710933737456799, 0.012028949335217476, 0.014380935579538345, 0.016570579260587692, 0.013267366215586662, 0.012357068248093128, 0.012360801920294762, 0.013189482502639294, 0.013965810649096966, 0.01398324966430664, 0.013113415800035, 0.013313204981386662, 0.010693300515413284, 0.014297621324658394, 0.012297357432544231, 0.011488387361168861, 0.01162896491587162, 0.011886175721883774, 0.012530593201518059, 0.012126680463552475, 0.011535771191120148, 0.012895815074443817, 0.011744154617190361, 0.011019048281013966, 0.012540341354906559, 0.010773622430860996, 0.0095824571326375, 0.011335561983287334, 0.011417428031563759, 0.011652386747300625, 0.011193163692951202, 0.01105827372521162, 0.011144518852233887, 0.010447549633681774, 0.0100289611145854, 0.010452001355588436, 0.010616128332912922, 0.011087078601121902], "mae": [0.4074306786060333, 0.3901127576828003, 0.36396124958992004, 0.3717353343963623, 0.36074432730674744, 0.3523709774017334, 0.34404149651527405, 0.3251288831233978, 0.3169349431991577, 0.310665488243103, 0.3018021583557129, 0.28238606452941895, 0.2726716697216034, 0.26043954491615295, 0.24825593829154968, 0.24640603363513947, 0.24350044131278992, 0.2238326221704483, 0.21545755863189697, 0.20839901268482208, 0.20199301838874817, 0.196257546544075, 0.1911962628364563, 0.18420588970184326, 0.17421647906303406, 0.17047719657421112, 0.15986675024032593, 0.1639121025800705, 0.15566129982471466, 0.15026846528053284, 0.14708563685417175, 0.14228998124599457, 0.14117135107517242, 0.13162526488304138, 0.1286877691745758, 0.12376827001571655, 0.11808378249406815, 0.12181349098682404, 0.11489028483629227, 0.112627312541008, 0.10666898638010025, 0.10762608051300049, 0.10368797928094864, 0.10080431401729584, 0.1053435429930687, 0.10106281191110611, 0.10299817472696304, 0.10330304503440857, 0.09538282454013824, 0.09156718850135803, 0.09396219998598099, 0.08461938798427582, 0.09683561325073242, 0.08464984595775604, 0.08531049638986588, 0.08652620762586594, 0.08139362186193466, 0.08999715745449066, 0.08701642602682114, 0.08430895954370499, 0.08151032775640488, 0.07832048833370209, 0.07764236629009247, 0.07220938801765442, 0.08098054677248001, 0.08421721309423447, 0.07584987580776215, 0.07505516707897186, 0.0743979960680008, 0.07323396950960159, 0.07827248424291611, 0.07531556487083435, 0.07588952779769897, 0.07449189573526382, 0.06844701617956161, 0.07633613049983978, 0.07191425561904907, 0.07010719925165176, 0.07031290978193283, 0.07087939232587814, 0.07127312570810318, 0.07135781645774841, 0.06888505071401596, 0.0722220316529274, 0.0698326826095581, 0.06709711998701096, 0.07342036068439484, 0.06474267691373825, 0.062372852116823196, 0.06657370924949646, 0.06841754913330078, 0.06693458557128906, 0.06776796281337738, 0.06568434834480286, 0.06528492271900177, 0.06516489386558533, 0.06354738026857376, 0.06331592798233032, 0.06408557295799255, 0.06635671854019165], "mse": [0.23295271396636963, 0.2143959105014801, 0.1891101598739624, 0.19293075799942017, 0.1860659420490265, 0.17547865211963654, 0.16628676652908325, 0.1504930704832077, 0.14202387630939484, 0.13882960379123688, 0.13232842087745667, 0.11393024027347565, 0.1077541783452034, 0.10185102373361588, 0.08845405280590057, 0.09151880443096161, 0.08826301246881485, 0.0773073062300682, 0.0725705549120903, 0.06582176685333252, 0.06320582330226898, 0.05850261449813843, 0.05652741342782974, 0.052102088928222656, 0.04849875345826149, 0.0487527921795845, 0.04108930751681328, 0.04446623474359512, 0.040562376379966736, 0.038493331521749496, 0.035942986607551575, 0.036996304988861084, 0.036392781883478165, 0.0300899650901556, 0.029142478480935097, 0.026054775342345238, 0.026039475575089455, 0.02846387028694153, 0.023087987676262856, 0.023984279483556747, 0.021689889952540398, 0.020732183009386063, 0.01990450546145439, 0.019111020490527153, 0.021004632115364075, 0.019831255078315735, 0.021874437108635902, 0.02191217429935932, 0.019215893000364304, 0.016334541141986847, 0.018970761448144913, 0.014518851414322853, 0.018890071660280228, 0.014505527913570404, 0.01564694195985794, 0.01616162434220314, 0.014433798380196095, 0.017829684540629387, 0.016854453831911087, 0.015865910798311234, 0.015231569297611713, 0.013721317984163761, 0.013710933737456799, 0.012028949335217476, 0.014380935579538345, 0.016570579260587692, 0.013267366215586662, 0.012357068248093128, 0.012360801920294762, 0.013189482502639294, 0.013965810649096966, 0.01398324966430664, 0.013113415800035, 0.013313204981386662, 0.010693300515413284, 0.014297621324658394, 0.012297357432544231, 0.011488387361168861, 0.01162896491587162, 0.011886175721883774, 0.012530593201518059, 0.012126680463552475, 0.011535771191120148, 0.012895815074443817, 0.011744154617190361, 0.011019048281013966, 0.012540341354906559, 0.010773622430860996, 0.0095824571326375, 0.011335561983287334, 0.011417428031563759, 0.011652386747300625, 0.011193163692951202, 0.01105827372521162, 0.011144518852233887, 0.010447549633681774, 0.0100289611145854, 0.010452001355588436, 0.010616128332912922, 0.011087078601121902],