{"loss": [0.29979485273361206, 0.30076780915260315, 0.27885115146636963, 0.2727780044078827, 0.26808616518974304, 0.2623042166233063, 0.26207059621810913, 0.25459250807762146, 0.23197011649608612, 0.2307182401418686, 0.21467310190200806, 0.2201770395040512, 0.19729219377040863, 0.2102426290512085, 0.1969188153743744, 0.19212515652179718, 0.19245077669620514, 0.17425911128520966, 0.17342856526374817, 0.15673629939556122, 0.15462662279605865, 0.15138421952724457, 0.14721307158470154, 0.14777684211730957, 0.12909366190433502, 0.13489864766597748, 0.12510938942432404, 0.12245044857263565, 0.11633668094873428, 0.11321752518415451, 0.09829514473676682, 0.10498306900262833, 0.10480369627475739, 0.09625926613807678, 0.08827538043260574, 0.09099026769399643, 0.08458779752254486, 0.0849231407046318, 0.08149951696395874, 0.07688982784748077, 0.0782473087310791, 0.07251368463039398, 0.06824421882629395, 0.07020340859889984, 0.06265367567539215, 0.06279752403497696, 0.061672694981098175, 0.05262704938650131, 0.060014791786670685, 0.05771518871188164, 0.060010876506567, 0.05376604571938515, 0.04657960310578346, 0.05423804000020027, 0.05338075011968613, 0.045704662799835205, 0.047517407685518265, 0.047253116965293884, 0.04777073860168457, 0.04405805841088295, 0.04464460164308548, 0.0431009978055954, 0.041240982711315155, 0.041390467435121536, 0.0372602678835392, 0.03727451711893082, 0.0381583645939827, 0.0392129011452198, 0.03230218216776848, 0.04353232681751251, 0.036010630428791046, 0.034694068133831024, 0.036556828767061234, 0.030838796868920326, 0.03206200525164604, 0.030770225450396538, 0.03508848324418068, 0.03645244985818863, 0.03353222459554672, 0.03075358085334301, 0.03220164775848389, 0.026165910065174103, 0.031566232442855835, 0.028862712904810905, 0.030432239174842834, 0.030372515320777893, 0.0266424473375082, 0.025795208290219307, 0.0278116837143898, 0.02832627110183239, 0.0286553967744112, 0.025837741792201996, 0.025317834690213203, 0.02640320546925068, 0.025449760258197784, 0.027262458577752113, 0.024388521909713745, 0.026918169111013412, 0.023111416026949883, 0.023752417415380478], "mae": [0.47569364309310913, 0.47639212012290955, 0.4516623318195343, 0.4494435787200928, 0.4411105513572693, 0.4406724274158478, 0.43881872296333313, 0.43251150846481323, 0.40802231431007385, 0.40690329670906067, 0.38982826471328735, 0.39843472838401794, 0.3741745352745056, 0.38193997740745544, 0.36934152245521545, 0.36548858880996704, 0.3682132363319397, 0.34754621982574463, 0.3452673554420471, 0.3252960741519928, 0.3242364525794983, 0.3152550458908081, 0.3111155331134796, 0.31775808334350586, 0.2893405258655548, 0.2968412935733795, 0.2857714891433716, 0.2814500033855438, 0.2717483341693878, 0.2668493688106537, 0.24920570850372314, 0.25964590907096863, 0.263483464717865, 0.24903738498687744, 0.23730239272117615, 0.23956361413002014, 0.23052090406417847, 0.23089836537837982, 0.22512482106685638, 0.22117112576961517, 0.22007106244564056, 0.2101343721151352, 0.20510298013687134, 0.20949795842170715, 0.1938285231590271, 0.19684596359729767, 0.19184793531894684, 0.17734579741954803, 0.18941859900951385, 0.1841956079006195, 0.18737058341503143, 0.18196313083171844, 0.1682817041873932, 0.17700892686843872, 0.17639346420764923, 0.16295382380485535, 0.16350345313549042, 0.16656087338924408, 0.1671411395072937, 0.15934376418590546, 0.16157978773117065, 0.15852804481983185, 0.14999280869960785, 0.15336531400680542, 0.1476692110300064, 0.14661583304405212, 0.14705990254878998, 0.14808599650859833, 0.13356418907642365, 0.15307025611400604, 0.1404988169670105, 0.13865569233894348, 0.13892070949077606, 0.13252070546150208, 0.13015340268611908, 0.12848122417926788, 0.13637544214725494, 0.1378508061170578, 0.136605903506279, 0.12843161821365356, 0.12807831168174744, 0.11661235988140106, 0.12856465578079224, 0.12531502544879913, 0.126849964261055, 0.1219460591673851, 0.11663845181465149, 0.11567739397287369, 0.1190609410405159, 0.11782153695821762, 0.12091466784477234, 0.11311857402324677, 0.11297106742858887, 0.11198987811803818, 0.11283803731203079, 0.11587859690189362, 0.11008627712726593, 0.11418933421373367, 0.10763680934906006, 0.10996286571025848], "mse": [0.29979485273361206, 0.30076780915260315, 0.27885115146636963, 0.2727780044078827, 0.26808616518974304, 0.2623042166233063, 0.26207059621810913, 0.25459250807762146, 0.23197011649608612, 0.2307182401418686, 0.21467310190200806, 0.2201770395040512, 0.19729219377040863, 0.2102426290512085, 0.1969188153743744, 0.19212515652179718, 0.19245077669620514, 0.17425911128520966, 0.17342856526374817, 0.15673629939556122, 0.15462662279605865, 0.15138421952724457, 0.14721307158470154, 0.14777684211730957, 0.12909366190433502, 0.13489864766597748, 0.12510938942432404, 0.12245044857263565, 0.11633668094873428, 0.11321752518415451, 0.09829514473676682, 0.10498306900262833, 0.10480369627475739, 0.09625926613807678, 0.08827538043260574, 0.09099026769399643, 0.08458779752254486, 0.0849231407046318, 0.08149951696395874, 0.07688982784748077, 0.0782473087310791, 0.07251368463039398, 0.06824421882629395, 0.07020340859889984, 0.06265367567539215, 0.06279752403497696, 0.061672694981098175, 0.05262704938650131, 0.060014791786670685, 0.05771518871188164, 0.060010876506567, 0.05376604571938515, 0.04657960310578346, 0.05423804000020027, 0.05338075011968613, 0.045704662799835205, 0.047517407685518265, 0.047253116965293884, 0.04777073860168457, 0.04405805841088295, 0.04464460164308548, 0.0431009978055954, 0.041240982711315155, 0.041390467435121536, 0.0372602678835392, 0.03727451711893082, 0.0381583645939827, 0.0392129011452198, 0.03230218216776848, 0.04353232681751251, 0.036010630428791046, 0.034694068133831024, 0.036556828767061234, 0.030838796868920326, 0.03206200525164604, 0.030770225450396538, 0.03508848324418068, 0.03645244985818863, 0.03353222459554672, 0.03075358085334301, 0.03220164775848389, 0.026165910065174103, 0.031566232442855835, 0.028862712904810905, 0.030432239174842834, 0.030372515320777893, 0.0266424473375082, 0.025795208290219307, 0.0278116837143898, 0.02832627110183239, 0.0286553967744112, 0.025837741792201996, 0.025317834690213203, 0.02640320546925068, 0.025449760258197784, 0.027262458577752113, 0.024388521909713745, 0.026918169111013412, 0.023111416026949883, 0.023752417415380478],