epoch_accuracies,epoch_directional_accuracies,epoch_weighted_directional_accuracies
2.002375,3.960975,5.96335
1.97555,3.96255,5.9381
1.9719,3.9618,5.9337
1.94905,3.96295,5.912
1.938725,3.962725,5.90145
