rodada,modelo,accuracy,precision,recall,f1_score,precision 0,precision 1,recall 0,recall 1,f1_score 0,f1_score 1
7,Regressão Logística,0.5568917668825162,0.5694934221152635,0.5568917668825162,0.5626121470539983,0.31746031746031744,0.6856330014224751,0.3519061583577713,0.6513513513513514,0.3337969401947149,0.668052668052668
