rodada,modelo,accuracy,precision,recall,f1_score,precision 0,precision 1,recall 0,recall 1,f1_score 0,f1_score 1
7,Regressão Logística,0.5217391304347826,0.5628837492980479,0.5217391304347826,0.5376196297550675,0.27713625866050806,0.6851851851851852,0.37037037037037035,0.5865257595772787,0.31704095112285335,0.6320284697508897
