rodada,modelo,accuracy,precision,recall,f1_score,precision 0,precision 1,recall 0,recall 1,f1_score 0,f1_score 1
17,Regressão Logística,0.9140727750986409,0.936593451122104,0.9140727750986409,0.9251410763034384,0.015748031496062992,0.9670380687093779,0.0273972602739726,0.9433876811594203,0.02,0.9550664832645576
