rodada,modelo,accuracy,precision,recall,f1_score,precision 0,precision 1,recall 0,recall 1,f1_score 0,f1_score 1
37,Regressão Logística,0.5254343730374712,0.5738259281751451,0.5254343730374712,0.5411968258945278,0.32129455909943716,0.6899810964083176,0.45514950166112955,0.5577628361858191,0.37668408028594996,0.6168666553996958
