rodada,modelo,accuracy,precision,recall,f1_score,precision 0,precision 1,recall 0,recall 1,f1_score 0,f1_score 1
2,Regressão Logística,0.5327783558792925,0.540114537166091,0.5327783558792925,0.5362649782429213,0.2887537993920973,0.6598101265822784,0.3064516129032258,0.6405529953917051,0.297339593114241,0.6500389711613406
