rodada,modelo,accuracy,precision,recall,f1_score,precision 0,precision 1,recall 0,recall 1,f1_score 0,f1_score 1
7,Regressão Logística,0.8533086534012031,0.8868960759437011,0.8533086534012031,0.8694234098377739,0.06542056074766354,0.9399075500770416,0.10687022900763359,0.9014778325123153,0.08115942028985507,0.9202916771435755
