rodada,modelo,accuracy,precision,recall,f1_score,precision 0,precision 1,recall 0,recall 1,f1_score 0,f1_score 1
17,Regressão Logística,0.9473914949583516,0.9621027256348067,0.9473914949583516,0.9545759996535478,0.04878048780487805,0.9809004092769441,0.08695652173913043,0.9651006711409396,0.0625,0.972936400541272
18,Regressão Logística,0.9416909620991254,0.9663302211812691,0.9416909620991254,0.9536834222461757,0.028846153846153848,0.9830213321723987,0.07142857142857142,0.9571852479864349,0.0410958904109589,0.9699312714776632
