rodada,modelo,accuracy,precision,recall,f1_score,precision 0,precision 1,recall 0,recall 1,f1_score 0,f1_score 1
-3,Regressão Logística,0.4,0.3933333333333333,0.4,0.3960591133004926,0.3,0.4666666666666667,0.2727272727272727,0.5,0.2857142857142857,0.4827586206896552
