rodada,modelo,accuracy,precision,recall,f1_score,precision 0,precision 1,recall 0,recall 1,f1_score 0,f1_score 1
38,Regressão Logística,0.5198229019923526,0.5694160460231735,0.5198229019923526,0.535550374546365,0.32152347209920284,0.6849870896348211,0.45949367088607596,0.5479492475656536,0.37832204273058884,0.6088524590163934
