{"loss": [0.23050983250141144, 0.20779241621494293, 0.20538143813610077, 0.19951851665973663, 0.1900113821029663, 0.18666279315948486, 0.18151690065860748, 0.17583699524402618, 0.15981069207191467, 0.16014622151851654, 0.15506891906261444, 0.15280596911907196, 0.14810040593147278, 0.14562246203422546, 0.14507851004600525, 0.13793714344501495, 0.12977135181427002, 0.13306543231010437, 0.12939149141311646, 0.11649353802204132, 0.11347340047359467, 0.114652119576931, 0.11368954181671143, 0.10597986727952957, 0.10575295239686966, 0.10720843076705933, 0.09579896926879883, 0.10009968280792236, 0.09398660063743591, 0.0945747047662735, 0.07983461022377014, 0.085918128490448, 0.08127225190401077, 0.07837226986885071, 0.08466554433107376, 0.07981982827186584, 0.07736841589212418, 0.07488588988780975, 0.07369624078273773, 0.06772597134113312, 0.06784019619226456, 0.06534808874130249, 0.06128149852156639, 0.06181899085640907, 0.06642215698957443, 0.06088314950466156, 0.054962996393442154, 0.05542376637458801, 0.05387578904628754, 0.055115267634391785, 0.046937309205532074, 0.04791443422436714, 0.052128925919532776, 0.046363431960344315, 0.04776541516184807, 0.04421843960881233, 0.04361932352185249, 0.04422645643353462, 0.038780272006988525, 0.0435226708650589, 0.036628358066082, 0.041986655443906784, 0.043837565928697586, 0.03983907401561737, 0.036765795201063156, 0.03778316453099251, 0.03603552281856537, 0.03619348630309105, 0.03283210098743439, 0.030562153086066246, 0.031373314559459686, 0.030283397063612938, 0.029491610825061798, 0.032514747232198715, 0.03312745690345764, 0.029171841219067574, 0.02765630930662155, 0.03201930597424507, 0.029815729707479477, 0.03073958493769169, 0.027794621884822845, 0.028040779754519463, 0.028312046080827713, 0.02669372782111168, 0.02542644925415516, 0.027697516605257988, 0.025552112609148026, 0.026156002655625343, 0.025035804137587547, 0.023360757157206535, 0.02400175854563713, 0.026986010372638702, 0.02513841912150383, 0.028297295793890953, 0.025142161175608635, 0.023610161617398262, 0.022507067769765854, 0.022684570401906967, 0.024787867441773415, 0.025027552619576454], "mae": [0.4226647615432739, 0.40015342831611633, 0.3950045108795166, 0.39220717549324036, 0.3856111466884613, 0.3759165406227112, 0.3720915913581848, 0.3669409155845642, 0.3477144241333008, 0.34982210397720337, 0.343865305185318, 0.34078240394592285, 0.33311355113983154, 0.32975757122039795, 0.3307463526725769, 0.3188439607620239, 0.3124579191207886, 0.3137109875679016, 0.3074989914894104, 0.29311403632164, 0.28871309757232666, 0.28881192207336426, 0.2882375419139862, 0.27862289547920227, 0.2745104134082794, 0.27612951397895813, 0.2620595097541809, 0.2666691243648529, 0.25682640075683594, 0.25950393080711365, 0.23879188299179077, 0.2454780489206314, 0.23796774446964264, 0.23061634600162506, 0.23788878321647644, 0.23189924657344818, 0.22915440797805786, 0.22407113015651703, 0.22454902529716492, 0.21407084167003632, 0.2097937911748886, 0.2096378058195114, 0.20398347079753876, 0.19545982778072357, 0.20263998210430145, 0.1966460645198822, 0.18699581921100616, 0.18576474487781525, 0.18247127532958984, 0.18929876387119293, 0.17168766260147095, 0.17154307663440704, 0.1788700371980667, 0.16893404722213745, 0.16819791495800018, 0.16082049906253815, 0.16521170735359192, 0.15867549180984497, 0.1491139680147171, 0.1576801985502243, 0.1459142565727234, 0.15362882614135742, 0.15722006559371948, 0.1486072689294815, 0.1417791247367859, 0.14255084097385406, 0.14224322140216827, 0.14226698875427246, 0.13421936333179474, 0.13073305785655975, 0.12979501485824585, 0.12831607460975647, 0.12528783082962036, 0.13319255411624908, 0.13015396893024445, 0.12444542348384857, 0.11941098421812057, 0.12888073921203613, 0.12465984374284744, 0.12608198821544647, 0.11855392158031464, 0.12244508415460587, 0.11953575164079666, 0.11252373456954956, 0.11200053244829178, 0.11697354912757874, 0.11094153672456741, 0.1147732213139534, 0.11306385695934296, 0.10248833149671555, 0.10681651532649994, 0.11380895227193832, 0.1088889017701149, 0.11559758335351944, 0.10786224901676178, 0.10369972884654999, 0.1039501428604126, 0.1036287471652031, 0.10721711814403534, 0.10483986884355545], "mse": [0.23050983250141144, 0.20779241621494293, 0.20538143813610077, 0.19951851665973663, 0.1900113821029663, 0.18666279315948486, 0.18151690065860748, 0.17583699524402618, 0.15981069207191467, 0.16014622151851654, 0.15506891906261444, 0.15280596911907196, 0.14810040593147278, 0.14562246203422546, 0.14507851004600525, 0.13793714344501495, 0.12977135181427002, 0.13306543231010437, 0.12939149141311646, 0.11649353802204132, 0.11347340047359467, 0.114652119576931, 0.11368954181671143, 0.10597986727952957, 0.10575295239686966, 0.10720843076705933, 0.09579896926879883, 0.10009968280792236, 0.09398660063743591, 0.0945747047662735, 0.07983461022377014, 0.085918128490448, 0.08127225190401077, 0.07837226986885071, 0.08466554433107376, 0.07981982827186584, 0.07736841589212418, 0.07488588988780975, 0.07369624078273773, 0.06772597134113312, 0.06784019619226456, 0.06534808874130249, 0.06128149852156639, 0.06181899085640907, 0.06642215698957443, 0.06088314950466156, 0.054962996393442154, 0.05542376637458801, 0.05387578904628754, 0.055115267634391785, 0.046937309205532074, 0.04791443422436714, 0.052128925919532776, 0.046363431960344315, 0.04776541516184807, 0.04421843960881233, 0.04361932352185249, 0.04422645643353462, 0.038780272006988525, 0.0435226708650589, 0.036628358066082, 0.041986655443906784, 0.043837565928697586, 0.03983907401561737, 0.036765795201063156, 0.03778316453099251, 0.03603552281856537, 0.03619348630309105, 0.03283210098743439, 0.030562153086066246, 0.031373314559459686, 0.030283397063612938, 0.029491610825061798, 0.032514747232198715, 0.03312745690345764, 0.029171841219067574, 0.02765630930662155, 0.03201930597424507, 0.029815729707479477, 0.03073958493769169, 0.027794621884822845, 0.028040779754519463, 0.028312046080827713, 0.02669372782111168, 0.02542644925415516, 0.027697516605257988, 0.025552112609148026, 0.026156002655625343, 0.025035804137587547, 0.023360757157206535, 0.02400175854563713, 0.026986010372638702, 0.02513841912150383, 0.028297295793890953, 0.025142161175608635, 0.023610161617398262, 0.022507067769765854, 0.022684570401906967, 0.024787867441773415, 0.025027552619576454],